{
    "dataset_size": 347,
    "accuracy": 0.9428571428571428,
    "elapsed_time_seconds": 0.4870133399963379,
    "classification_report": {
        "negative": {
            "precision": 1.0,
            "recall": 0.9230769230769231,
            "f1-score": 0.96,
            "support": 26.0
        },
        "neutral": {
            "precision": 0.8695652173913043,
            "recall": 1.0,
            "f1-score": 0.9302325581395349,
            "support": 20.0
        },
        "positive": {
            "precision": 0.9565217391304348,
            "recall": 0.9166666666666666,
            "f1-score": 0.9361702127659575,
            "support": 24.0
        },
        "accuracy": 0.9428571428571428,
        "macro avg": {
            "precision": 0.9420289855072465,
            "recall": 0.9465811965811967,
            "f1-score": 0.9421342569684974,
            "support": 70.0
        },
        "weighted avg": {
            "precision": 0.9478260869565218,
            "recall": 0.9428571428571428,
            "f1-score": 0.9433248038453383,
            "support": 70.0
        }
    }
}